SampleID	Cruise	Station	Replicate	Date	Time	Latitude	Longitude	Depth	Bottom_Depth	Temperature	Salinity	Oxygen	Silicate	NO2	NO3	NOx	NH3	PO4	TOC	PAR	Chlorophyll	DCM
68484	Gradients_2	1	A	27/5/17	9:38:00 PM	21.32	-158.24	15.00	1350.00	26.42	34.48	208.00								0.31	0.06	
68485	Gradients_2	1	B	27/5/17	9:38:00 PM	21.32	-158.24	15.00	1350.00	26.42	34.48	208.10								0.31	0.06	
68496	Gradients_2	2	A	29/5/17	5:10:00 AM	25.77	-158.01	15.00	5081.00	24.36	35.25	213.50								0.36	0.05	
68497	Gradients_2	2	B	29/5/17	5:10:00 AM	25.77	-158.01	15.00	5081.00	24.36	35.25	213.50								0.36	0.05	
68502	Gradients_2	2	A	29/5/17	5:14:00 AM	25.77	-158.01	25.00	5081.00	24.23	35.27	214.30								0.16	0.06	
68503	Gradients_2	2	B	29/5/17	5:14:00 AM	25.77	-158.01	25.00	5081.00	24.21	35.27	214.60								0.16	0.06	
68506	Gradients_2	2	A	29/5/17	7:06:00 AM	25.77	-158.01	45.00	5081.00	24.03	35.29	215.80								0.11	0.06	
68507	Gradients_2	2	B	29/5/17	7:06:00 AM	25.77	-158.01	45.00	5081.00	24.03	35.29	215.80								0.11	0.06	
68504	Gradients_2	2	A	29/5/17	5:14:00 AM	25.77	-158.01	60.00	5081.00	21.25	35.15	231.10								0.11	0.09	
68505	Gradients_2	2	B	29/5/17	5:14:00 AM	25.77	-158.01	60.00	5081.00	21.25	35.15	231.10								0.11	0.09	
68508	Gradients_2	2	A	29/5/17	7:06:00 AM	25.77	-158.01	83.00	5081.00	19.00	34.97	208.80								0.82	0.68	DCM
68509	Gradients_2	2	B	29/5/17	7:02:00 AM	25.77	-158.01	83.00	5081.00	19.00	34.97	208.80								0.82	0.68	DCM
68514	Gradients_2	2	A	29/5/17	7:04:00 AM	25.77	-158.01	120.00	5081.00	17.96	34.90	213.90								0.18	0.27	
68515	Gradients_2	2	B	29/5/17	7:02:00 AM	25.77	-158.01	120.00	5081.00	17.96	34.90	213.90								0.18	0.26	
68524	Gradients_2	3	A	30/5/17	4:15:00 AM	28.47	-158.00	15.00	5738.00	22.88	35.29	220.20	2.28			0.00		0.03	69.70	0.32	0.06	
68525	Gradients_2	3	B	30/5/17	4:15:00 AM	28.47	-158.00	15.00	5738.00	22.88	35.29	220.20	2.28			0.00		0.03	69.70	0.32	0.06	
68543	Gradients_2	4	A	31/5/17	4:33:00 AM	32.26	-158.00	15.00	5932.00	19.78	34.79	234.40	3.60			0.00		0.05	63.69	0.31	0.07	
68544	Gradients_2	4	B	31/5/17	4:33:00 AM	32.26	-158.00	15.00	5932.00	19.78	34.79	234.30	3.60			0.00		0.05	63.69	0.31	0.07	
68561	Gradients_2	5	A	1/6/17	4:14:00 AM	36.06	-158.00	15.00	5937.00	15.41	34.11	254.80	5.19			1.61		0.23	59.07	0.41	0.20	
68562	Gradients_2	5	B	1/6/17	4:14:00 AM	36.06	-158.00	15.00	5937.00	15.41	34.11	254.70	5.19			1.61		0.23	59.07	0.41	0.19	
68575	Gradients_2	6	A	2/6/17	4:10:00 AM	39.76	-157.99	15.00	5265.00	12.31	33.41	280.70	4.71			0.49		0.31	66.79	0.26	3.32	
68576	Gradients_2	6	B	2/6/17	4:10:00 AM	39.76	-157.99	15.00	5265.00	12.31	33.41	280.80	4.71			0.49		0.31	66.79	0.26	3.37	
68591	Gradients_2	7	A	3/6/17	4:05:00 AM	41.42	-158.00	15.00	4589.00	10.96	33.03	293.90	1.92			1.99		0.51	64.60	0.29	3.12	
68592	Gradients_2	7	B	3/6/17	4:05:00 AM	41.42	-158.00	15.00	4589.00	10.96	33.03	293.90	1.92			1.99		0.51	64.60	0.29	3.11	
68607	Gradients_2	7	A	3/6/17	9:32:00 AM	41.42	-158.00	15.00	4589.00	10.96	33.03	293.90	1.92			1.99		0.51	64.60	0.29	3.12	
68608	Gradients_2	7	B	3/6/17	9:32:00 AM	41.42	-158.00	15.00	4589.00	10.96	33.03	293.90	1.92			1.99		0.51	64.60	0.29	3.11	
68605	Gradients_2	7	A	3/6/17	9:32:00 AM	41.42	-158.00	25.00	4589.00	10.95	33.03	293.70	1.66			2.01		0.49	65.33	0.17	3.05	
68606	Gradients_2	7	B	3/6/17	9:32:00 AM	41.42	-158.00	25.00	4589.00	10.95	33.03	293.60	1.66			2.01		0.49	65.33	0.17	2.97	
68609	Gradients_2	7	A	3/6/17	9:32:00 AM	41.42	-158.00	45.00	4589.00	9.82	33.20	282.10	7.45			5.60		0.76	60.82	0.15	1.07	
68610	Gradients_2	7	B	3/6/17	9:32:00 AM	41.42	-158.00	45.00	4589.00	9.83	33.21	282.00	7.45			5.60		0.76	60.82	0.15	0.99	
68599	Gradients_2	7	A	3/6/17	9:31:00 AM	41.42	-158.00	60.00	4589.00	9.43	33.25	280.60	8.54			6.32		0.76	55.35	0.14	0.31	
68600	Gradients_2	7	B	3/6/17	9:31:00 AM	41.42	-158.00	60.00	4589.00	9.43	33.25	280.60	8.54			6.32		0.76	55.35	0.14	0.31	
68597	Gradients_2	7	A	3/6/17	9:31:00 AM	41.42	-158.00	120.00	4589.00	9.81	33.66	257.70	11.76			9.74		0.82	52.70	0.15	0.04	
68598	Gradients_2	7	B	3/6/17	9:31:00 AM	41.42	-158.00	120.00	4589.00	9.82	33.64	258.80	11.76			9.74		0.82	52.70	0.15	0.04	
68643	Gradients_2	8	A	4/6/17	10:49:00 AM	39.50	-158.00	15.00	4899.00	13.15	33.56	275.90	5.25			0.08		0.23	70.67	123.11	1.65	
68644	Gradients_2	8	B	4/6/17	10:49:00 AM	39.50	-158.00	15.00	4899.00	13.14	33.56	276.00	5.25			0.08		0.23	70.67	123.11	1.68	
68637	Gradients_2	8	A	4/6/17	10:51:00 AM	39.50	-158.00	25.00	4899.00	12.94	33.58	273.80	4.70			0.19		0.23	69.68	40.71	2.02	DCM
68638	Gradients_2	8	B	4/6/17	10:51:00 AM	39.50	-158.00	25.00	4899.00	12.94	33.58	273.80	4.70			0.19		0.23	69.68	40.71	2.02	DCM
68645	Gradients_2	8	A	4/6/17	10:45:00 AM	39.50	-158.00	45.00	4899.00	11.77	33.67	271.70	6.22			2.79		0.40	57.17	7.01	0.50	
68646	Gradients_2	8	B	4/6/17	10:49:00 AM	39.50	-158.00	45.00	4899.00	11.82	33.67	271.60	6.22			2.79		0.40	57.17	7.01	0.52	
68635	Gradients_2	8	A	4/6/17	10:51:00 AM	39.50	-158.00	120.00	4899.00	11.79	34.00	258.80	7.96			5.67		0.47	55.91	0.39	0.04	
68636	Gradients_2	8	B	4/6/17	10:51:00 AM	39.50	-158.00	120.00	4899.00	11.79	34.00	258.60	7.96			5.67		0.47	55.91	0.39	0.04	
68667	Gradients_2	9	A	5/6/17	6:11:00 AM	38.00	-158.00	15.00	5320.00	14.70	33.77	263.20	5.43			0.01		0.14	63.99	0.59	0.72	
68668	Gradients_2	9	B	5/6/17	6:11:00 AM	38.00	-158.00	15.00	5320.00	14.70	33.77	263.20	5.43			0.01		0.14	63.99	0.59	0.73	
68681	Gradients_2	9	A	5/6/17	8:49:00 AM	38.00	-158.00	25.00	5320.00	14.44	33.76	267.20	5.25			0.01		0.14	60.74	0.28	0.93	
68682	Gradients_2	9	B	5/6/17	8:49:00 AM	38.00	-158.00	25.00	5320.00	14.44	33.76	267.20	5.25			0.01		0.14	60.74	0.28	0.93	
68679	Gradients_2	9	A	5/6/17	8:49:00 AM	38.00	-158.00	40.00	5320.00	13.54	33.80	270.80	5.77			0.84		0.22	63.88	0.15	3.04	DCM
68680	Gradients_2	9	B	5/6/17	8:49:00 AM	38.00	-158.00	40.00	5320.00	13.54	33.80	270.80	5.77			0.84		0.22	63.88	0.15	3.04	DCM
68675	Gradients_2	9	A	5/6/17	8:49:00 AM	38.00	-158.00	60.00	5320.00	12.92	34.10	258.60	6.94			3.04		0.27	57.02	0.12	0.51	
68676	Gradients_2	9	B	5/6/17	8:49:00 AM	38.00	-158.00	60.00	5320.00	12.92	34.10	258.60	6.94			3.04		0.27	57.02	0.12	0.51	
68673	Gradients_2	9	A	5/6/17	8:49:00 AM	38.00	-158.00	120.00	5320.00	12.63	34.19	245.50	7.62			5.86		0.43	54.54	0.12	0.07	
68674	Gradients_2	9	B	5/6/17	8:49:00 AM	38.00	-158.00	120.00	5320.00	12.63	34.19	245.50	7.62			5.86		0.43	54.54	0.12	0.07	
68697	Gradients_2	10	A	5/6/17	2:49:00 PM	37.50	-158.00	15.00	5432.00	15.06	33.97	260.70	4.89			0.01		0.14	66.92	359.30	0.34	
68698	Gradients_2	10	B	5/6/17	2:49:00 PM	37.50	-158.00	15.00	5432.00	15.06	33.97	260.70	4.89			0.01		0.14	66.92	359.30	0.34	
68691	Gradients_2	10	A	5/6/17	2:44:00 PM	37.50	-158.00	40.00	5432.00	13.86	33.97	268.80								83.37	2.90	DCM
68692	Gradients_2	10	B	5/6/17	2:44:00 PM	37.50	-158.00	40.00	5432.00	13.86	33.97	268.80								83.37	2.90	DCM
68689	Gradients_2	10	B	5/6/17	2:41:00 PM	37.50	-158.00	60.00	5432.00	12.96	34.03	267.20								14.96	1.06	
68690	Gradients_2	10	B	5/6/17	2:41:00 PM	37.50	-158.00	60.00	5432.00	12.96	34.03	267.20								14.96	1.06	
68687	Gradients_2	10	A	5/6/17	2:41:00 PM	37.50	-158.00	120.00	5432.00	12.36	34.06	256.40								1.25	0.06	
68688	Gradients_2	10	A	5/6/17	2:41:00 PM	37.50	-158.00	120.00	5432.00	12.35	34.06	256.20								1.25	0.06	
68715	Gradients_2	11	A	6/6/17	5:47:00 AM	37.00	-158.00	15.00	5610.00	15.16	34.00	258.60	4.34			0.00		0.10	63.15	0.33	0.24	
68716	Gradients_2	11	B	6/6/17	5:47:00 AM	37.00	-158.00	15.00	5610.00	15.17	33.99	258.70	4.34			0.00		0.10	63.15	0.33	0.24	
68741	Gradients_2	11	A	6/6/17	9:26:00 AM	37.00	-158.00	25.00	5610.00	15.10	34.08	258.80	4.23			0.00		0.09	67.23	0.18	0.23	
68742	Gradients_2	11	B	6/6/17	9:26:00 AM	37.00	-158.00	25.00	5610.00	15.10	34.08	258.80	4.23			0.00		0.09	67.23	0.18	0.23	
68733	Gradients_2	11	A	6/6/17	9:25:00 AM	37.00	-158.00	45.00	5610.00	14.30	34.14	266.00	5.36			0.14		0.12	62.52	0.13	1.07	
68734	Gradients_2	11	B	6/6/17	9:25:00 AM	37.00	-158.00	45.00	5610.00	14.29	34.13	266.30	5.36			0.14		0.12	62.52	0.13	1.07	
68731	Gradients_2	11	A	6/6/17	9:24:00 AM	37.00	-158.00	60.00	5610.00	13.89	34.21	251.60								0.12	0.77	
68732	Gradients_2	11	B	6/6/17	9:24:00 AM	37.00	-158.00	60.00	5610.00	13.89	34.21	251.60								0.12	0.77	
68735	Gradients_2	11	A	6/6/17	9:25:00 AM	37.00	-158.00	50.00	5610.00	14.28	34.18	263.10	4.80			0.25		0.09	63.66	0.12	1.15	DCM
68736	Gradients_2	11	B	6/6/17	9:25:00 AM	37.00	-158.00	50.00	5610.00	14.28	34.18	263.10	4.80			0.25		0.09	63.66	0.12	1.15	DCM
68729	Gradients_2	11	A	6/6/17	9:24:00 AM	37.00	-158.00	120.00	5610.00	12.78	34.24	237.80	7.91			6.94		0.51	53.80	0.13	0.10	
68730	Gradients_2	11	B	6/6/17	9:25:00 AM	37.00	-158.00	120.00	5610.00	12.78	34.24	237.80	7.91			6.94		0.51	53.80	0.13	0.09	
68747	Gradients_2	12	A	7/6/17	4:16:00 AM	36.00	-158.00	15.00	5899.00	15.81	34.06	253.40	4.42			0.00		0.09	62.29	0.36	0.22	
68748	Gradients_2	12	B	7/6/17	4:16:00 AM	36.00	-158.00	15.00	5899.00	15.81	34.06	253.40	4.42			0.00		0.09	62.29	0.36	0.22	
68775	Gradients_2	12	A	7/6/17	9:00:00 AM	36.00	-158.00	25.00	5899.00	14.98	34.07	260.10	4.52			0.01		0.08	61.70	0.20	0.34	
68776	Gradients_2	12	B	7/6/17	9:00:00 AM	36.00	-158.00	25.00	5899.00	15.06	34.07	259.60	4.52			0.01		0.08	61.70	0.20	0.30	
68773	Gradients_2	12	A	7/6/17	9:00:00 AM	36.00	-158.00	45.00	5899.00	14.00	34.13	261.20	5.20			0.67		0.21	61.32	0.12	1.24	
68774	Gradients_2	12	B	7/6/17	9:00:00 AM	36.00	-158.00	45.00	5899.00	14.00	34.13	261.20	5.20			0.67		0.21	61.32	0.12	1.24	
68767	Gradients_2	12	A	7/6/17	9:00:00 AM	36.00	-158.00	53.00	5899.00	13.87	34.15	257.30	5.24			1.00		0.21	59.61	0.12	0.99	DCM
68768	Gradients_2	12	B	7/6/17	9:00:00 AM	36.00	-158.00	53.00	5899.00	13.87	34.15	257.30	5.24			1.00		0.21	59.61	0.12	0.99	DCM
68765	Gradients_2	12	A	7/6/17	9:03:00 AM	36.00	-158.00	60.00	5899.00	13.78	34.20	255.90								0.12	0.56	
68766	Gradients_2	12	B	7/6/17	9:03:00 AM	36.00	-158.00	60.00	5899.00	13.78	34.20	255.90								0.12	0.56	
68753	Gradients_2	12	A	7/6/17	9:03:00 AM	36.00	-158.00	120.00	5899.00	13.12	34.30	234.10	7.60			6.49		0.42	53.89	0.12	0.10	
68764	Gradients_2	12	B	7/6/17	9:03:00 AM	36.00	-158.00	120.00	5899.00	13.12	34.30	234.10	7.60			6.49		0.42	53.89	0.12	0.10	
68789	Gradients_2	14	A	8/6/17	11:16:00 AM	34.50	-158.00	15.00	5900.00	17.13	34.27	246.40	3.63			0.00		0.08	61.94	273.51	0.05	
68790	Gradients_2	14	B	8/6/17	11:16:00 AM	34.50	-158.00	15.00	5900.00	17.13	34.27	246.40	3.63			0.00		0.08	61.94	273.51	0.05	
68783	Gradients_2	14	A	8/6/17	11:20:00 AM	34.50	-158.00	25.00	5900.00	16.53	34.29	250.40	3.77			0.00		0.09	61.74	180.83	0.06	
68784	Gradients_2	14	B	8/6/17	11:20:00 AM	34.50	-158.00	25.00	5900.00	16.53	34.29	250.40	3.77			0.00		0.09	61.74	180.83	0.06	
68781	Gradients_2	14	A	8/6/17	11:20:00 AM	34.50	-158.00	45.00	5900.00	15.14	34.30	261.30	3.42			0.00		0.08	62.89	96.12	0.46	
68782	Gradients_2	14	B	8/6/17	11:20:00 AM	34.50	-158.00	45.00	5900.00	15.14	34.30	261.30	3.42			0.00		0.08	62.89	96.12	0.46	
68819	Gradients_2	14	A	8/6/17	12:26:00 PM	34.50	-158.00	60.00	5900.00	14.53	34.28	260.60								49.47	1.49	DCM
68820	Gradients_2	14	B	8/6/17	12:26:00 PM	34.50	-158.00	60.00	5900.00	14.53	34.28	260.60								49.47	1.49	DCM
68777	Gradients_2	14	A	8/6/17	11:19:00 AM	34.50	-158.00	120.00	5900.00	12.74	34.28	231.80	6.16			4.23		0.34	56.26	1.15	0.06	
68778	Gradients_2	14	B	8/6/17	11:19:00 AM	34.50	-158.00	120.00	5900.00	12.75	34.27	232.10	6.16			4.23		0.34	56.26	1.15	0.06	
68825	Gradients_2	15	A	9/6/17	4:11:00 AM	34.00	-158.00	15.00	5967.00	17.56	34.22	244.60	4.16			0.00		0.08	64.44	0.40	0.12	
68826	Gradients_2	15	B	9/6/17	4:11:00 AM	34.00	-158.00	15.00	5967.00	17.56	34.22	244.60	4.16			0.00		0.08	64.44	0.40	0.12	
68843	Gradients_2	15	A	9/6/17	8:56:00 AM	34.00	-158.00	25.00	5967.00	16.62	34.27	251.30	4.29			0.00		0.10	63.79	0.19	0.11	
68844	Gradients_2	15	B	9/6/17	8:56:00 AM	34.00	-158.00	25.00	5967.00	16.62	34.27	251.30	4.29			0.00		0.10	63.79	0.19	0.11	
68835	Gradients_2	15	A	9/6/17	8:53:00 AM	34.00	-158.00	45.00	5967.00	14.81	34.25	265.10	4.59			0.00		0.09	59.84	0.12	0.36	
68836	Gradients_2	15	B	9/6/17	8:53:00 AM	34.00	-158.00	45.00	5967.00	14.81	34.25	265.10	4.59			0.00		0.09	59.84	0.12	0.36	
68837	Gradients_2	15	A	9/6/17	8:53:00 AM	34.00	-158.00	62.00	5967.00	14.26	34.25	258.40	4.76			0.22		0.11	60.53	0.12	1.34	DCM
68838	Gradients_2	15	B	9/6/17	8:53:00 AM	34.00	-158.00	62.00	5967.00	14.26	34.25	258.40	4.76			0.22		0.11	60.53	0.12	1.34	DCM
68833	Gradients_2	15	A	9/6/17	8:49:00 AM	34.00	-158.00	90.00	5967.00	13.73	34.24	252.20	5.52			2.55		0.24	56.02	0.12	0.44	
68834	Gradients_2	15	B	9/6/17	8:49:00 AM	34.00	-158.00	90.00	5967.00	13.73	34.24	252.20	5.52			2.55		0.24	56.02	0.12	0.44	
68831	Gradients_2	15	A	9/6/17	8:49:00 AM	34.00	-158.00	120.00	5967.00	12.87	34.28	233.40	8.26			7.45		0.56	51.44	0.12	0.14	
68832	Gradients_2	15	B	9/6/17	8:49:00 AM	34.00	-158.00	120.00	5967.00	12.87	34.28	233.40	8.26			7.45		0.56	51.44	0.12	0.14	
68879	Gradients_2	16	A	9/6/17	4:57:00 PM	32.93	-158.00	12.00	5993.00	17.85	34.39	244.90	4.06			0.00		0.08	64.10	398.83	0.05	
68880	Gradients_2	16	B	9/6/17	4:57:00 PM	32.93	-158.00	12.00	5993.00	17.85	34.39	244.90	4.06			0.00		0.08	64.10	398.83	0.05	
68877	Gradients_2	16	A	9/6/17	4:58:00 PM	32.93	-158.00	45.00	5993.00	16.35	34.39	253.70								105.38	0.16	
68878	Gradients_2	16	B	9/6/17	4:58:00 PM	32.93	-158.00	45.00	5993.00	16.35	34.39	253.70								105.38	0.16	
68871	Gradients_2	16	A	9/6/17	4:56:00 PM	32.93	-158.00	95.00	5993.00	15.22	34.43	249.90								4.83	1.36	DCM
68872	Gradients_2	16	B	9/6/17	4:56:00 PM	32.93	-158.00	95.00	5993.00	15.22	34.43	249.90								4.83	1.36	DCM
68869	Gradients_2	16	A	9/6/17	4:56:00 PM	32.93	-158.00	120.00	5993.00	14.62	34.39	240.80								1.10	0.34	
68870	Gradients_2	16	B	9/6/17	4:56:00 PM	32.93	-158.00	120.00	5993.00	14.59	34.39	240.70								1.10	0.33	
68885	Gradients_2	17	A	10/6/17	4:12:00 AM	32.00	-158.00	15.00	5871.00	21.16	34.96	227.90	3.22			0.00		0.04	65.74	0.32	0.12	
68886	Gradients_2	17	B	10/6/17	4:12:00 AM	32.00	-158.00	15.00	5871.00	21.16	34.96	227.90	3.22			0.00		0.04	65.74	0.32	0.12	
68908	Gradients_2	17	B	10/6/17	9:55:00 AM	32.00	-158.00	25.00	5871.00	20.79	34.94	231.50	3.22			0.00		0.04	65.63	0.16	0.09	
68899	Gradients_2	17	A	10/6/17	9:54:00 AM	32.00	-158.00	45.00	5871.00	18.05	34.82	246.60	3.59			0.00		0.07	63.82	0.12	0.15	
68900	Gradients_2	17	B	10/6/17	9:54:00 AM	32.00	-158.00	45.00	5871.00	18.05	34.82	246.60	3.59			0.00		0.07	63.82	0.12	0.15	
68897	Gradients_2	17	A	10/6/17	9:52:00 AM	32.00	-158.00	60.00	5871.00	17.15	34.78	245.90	3.62			0.00		0.07	61.42	0.12	0.28	
68898	Gradients_2	17	B	10/6/17	9:52:00 AM	32.00	-158.00	60.00	5871.00	17.15	34.78	245.90	3.62			0.00		0.07	61.42	0.12	0.28	
68901	Gradients_2	17	A	10/6/17	9:54:00 AM	32.00	-158.00	87.00	5871.00	16.29	34.69	242.30	4.24			1.13		0.16	57.12	0.12	0.96	DCM
68902	Gradients_2	17	B	10/6/17	9:54:00 AM	32.00	-158.00	87.00	5871.00	16.29	34.69	242.30	4.24			1.13		0.16	57.12	0.12	0.96	DCM
68895	Gradients_2	17	A	10/6/17	9:52:00 AM	32.00	-158.00	120.00	5871.00	15.05	34.55	233.60	5.35			3.46		0.30	53.90	0.12	0.44	
68896	Gradients_2	17	B	10/6/17	9:52:00 AM	32.00	-158.00	120.00	5871.00	15.06	34.55	233.50	5.35			3.46		0.30	53.90	0.12	0.44	
68913	Gradients_2	18	A	11/6/17	4:10:00 AM	29.58	-158.00	15.00	6456.00	23.03	35.27	219.70	2.48			0.00		0.04	73.81	0.30	0.07	
68914	Gradients_2	18	B	11/6/17	4:10:00 AM	29.58	-158.00	15.00	6456.00	23.03	35.27	219.70	2.48			0.00		0.04	73.81	0.30	0.07	
68938	Gradients_2	18	B	11/6/17	9:00:00 AM	29.58	-158.00	25.00	6456.00	22.97	35.27	219.60	2.56			0.00		0.03	69.46	0.14	0.05	
68935	Gradients_2	18	A	11/6/17	9:00:00 AM	29.58	-158.00	45.00	6456.00	21.85	35.24	226.20	2.97			0.12		0.07	67.43	0.12	0.06	
68936	Gradients_2	18	B	11/6/17	9:00:00 AM	29.58	-158.00	45.00	6456.00	21.85	35.24	226.20	2.97			0.12		0.07	67.43	0.12	0.06	
68927	Gradients_2	18	A	11/6/17	9:01:00 AM	29.58	-158.00	60.00	6456.00	20.10	35.09	235.00								0.12	0.11	
68928	Gradients_2	18	B	11/6/17	9:01:00 AM	29.58	-158.00	60.00	6456.00	20.10	35.09	235.00								0.12	0.11	
68929	Gradients_2	18	A	11/6/17	9:02:00 AM	29.58	-158.00	105.00	6456.00	17.52	34.87	222.70	4.04			1.68		0.20	57.77	0.12	0.87	DCM
68930	Gradients_2	18	B	11/6/17	9:02:00 AM	29.58	-158.00	105.00	6456.00	17.52	34.87	222.70	4.04			1.68		0.20	57.77	0.12	0.87	DCM
68925	Gradients_2	18	A	11/6/17	9:01:00 AM	29.58	-158.00	120.00	6456.00	16.53	34.75	219.10	4.66			3.15		0.26	56.33	0.12	0.36	
68926	Gradients_2	18	B	11/6/17	9:01:00 AM	29.58	-158.00	120.00	6456.00	16.57	34.76	219.40	4.66			3.15		0.26	56.33	0.12	0.39	
72975	Gradients_3	2	A	12/4/19	7:25:00 PM	31.09	-158.00	15.00	5829.00	19.15	35.18	232.30	2.11	0.01	0.00	0.01	0.02	0.05			0.22	
72976	Gradients_3	2	A	12/4/19	7:25:00 PM	31.09	-158.00	15.00	5829.00	19.15	35.18	232.30	2.11	0.01	0.00	0.01	0.02	0.05			0.22	
72981	Gradients_3	2	A	12/4/19	7:25:00 PM	31.09	-158.00	45.00	5829.00	18.57	35.14	232.60									0.26	
72982	Gradients_3	2	A	12/4/19	7:25:00 PM	31.09	-158.00	45.00	5829.00	18.57	35.14	232.60									0.26	
72987	Gradients_3	2	A	12/4/19	7:25:00 PM	31.09	-158.00	75.00	5829.00	18.10	35.07	235.00	2.38	0.00	0.01	0.01	0.01	0.05			0.30	
72988	Gradients_3	2	A	12/4/19	7:25:00 PM	31.09	-158.00	75.00	5829.00	18.10	35.07	235.00	2.38	0.00	0.01	0.01	0.01	0.05			0.30	
72993	Gradients_3	2	A	12/4/19	7:25:00 PM	31.09	-158.00	100.00	5829.00	17.80	35.03	234.30	2.55	0.02	0.12	0.14	0.04	0.05			0.50	
72994	Gradients_3	2	A	12/4/19	7:25:00 PM	31.09	-158.00	100.00	5829.00	17.80	35.03	234.30	2.55	0.02	0.12	0.14	0.04	0.05			0.50	
72999	Gradients_3	2	A	12/4/19	7:25:00 PM	31.09	-158.00	125.00	5829.00	16.91	34.84	230.90	3.35	0.17	0.77	0.94	0.17	0.05			0.41	
73000	Gradients_3	2	A	12/4/19	7:25:00 PM	31.09	158.00	125.00	5829.00	16.91	34.84	230.90	3.35	0.17	0.77	0.94	0.17	0.05			0.41	
73103	Gradients_3	3	A	14/4/19	2:20:00 PM	36.91	-158.00	15.00	5779.00	13.24	33.78	267.80	3.85	0.00	0.00	0.01	0.02	0.18			0.38	
73104	Gradients_3	3	A	14/4/19	2:20:00 PM	36.91	-158.00	15.00	5779.00	13.24	33.78	267.80	3.85	0.00	0.00	0.01	0.02	0.18			0.38	
73097	Gradients_3	3	A	14/4/19	2:20:00 PM	36.91	-158.00	45.00	5779.00	12.68	33.80	266.10	3.91	0.03	0.23	0.26	0.18	0.20			1.03	
73098	Gradients_3	3	A	14/4/19	2:20:00 PM	36.91	-158.00	45.00	5779.00	12.68	33.80	266.10	3.91	0.03	0.23	0.26	0.18	0.20			1.03	
73091	Gradients_3	3	A	14/4/19	2:20:00 PM	36.91	-158.00	60.00	5779.00	12.64	33.83	264.70	4.01	0.04	0.36	0.41	0.31	0.21			1.01	
73092	Gradients_3	3	A	14/4/19	2:20:00 PM	36.91	-158.00	60.00	5779.00	12.64	33.83	264.70	4.01	0.04	0.36	0.41	0.31	0.21			1.01	
73085	Gradients_3	3	A	14/4/19	2:20:00 PM	36.91	-158.00	75.00	5779.00	12.58	33.83	262.30	4.05	0.08	0.62	0.69	0.37	0.24			0.73	
73086	Gradients_3	3	A	14/4/19	2:20:00 PM	36.91	-158.00	75.00	5779.00	12.58	33.83	262.30	4.05	0.08	0.62	0.69	0.37	0.24			0.73	
73079	Gradients_3	3	A	14/4/19	2:20:00 PM	36.91	-158.00	125.00	5779.00	12.37	34.01	247.70	5.87	0.18	3.73	3.91	0.02	0.39			0.22	
73080	Gradients_3	3	A	14/4/19	2:20:00 PM	36.91	-158.00	125.00	5779.00	12.37	34.01	247.70	5.87	0.18	3.73	3.91	0.02	0.39			0.22	
73165	Gradients_3	4	A	16/4/19	8:59:00 AM	41.68	-158.05	15.00	5509.00	9.67	33.35	289.10	9.03	0.12	6.25	6.37	0.11	0.66	52.29		0.94	
73166	Gradients_3	4	A	16/4/19	8:59:00 AM	41.68	-158.05	15.00	5509.00	9.67	33.35	289.10	9.03	0.12	6.25	6.37	0.11	0.66	52.29		0.94	
73159	Gradients_3	4	A	16/4/19	8:59:00 AM	41.68	-158.05	45.00	5509.00	9.46	33.42	284.60	8.25	0.13	6.26	6.39	0.26	0.67	53.64		0.98	
73160	Gradients_3	4	A	16/4/19	8:59:00 AM	41.68	-158.05	45.00	5509.00	9.46	33.42	284.60	8.25	0.13	6.26	6.39	0.26	0.67	53.64		0.98	
73153	Gradients_3	4	A	16/4/19	8:59:00 AM	41.68	-158.05	60.00	5509.00	9.45	33.42	284.20	8.42	0.14	6.38	6.52	0.37	0.67			1.10	DCM
73154	Gradients_3	4	A	16/4/19	8:59:00 AM	41.68	-158.05	60.00	5509.00	9.45	33.42	284.20	8.42	0.14	6.38	6.52	0.37	0.67			1.10	DCM
73147	Gradients_3	4	A	16/4/19	8:55:00 AM	41.68	-158.05	75.00	5509.00	9.47	33.43	283.30	8.63	0.15		6.59	0.41	0.68	54.71		0.82	
73148	Gradients_3	4	A	16/4/19	8:55:00 AM	41.68	-158.05	75.00	5509.00	9.47	33.43	283.30	8.63	0.15		6.59	0.41	0.68	54.71		0.82	
73171	Gradients_3	4	A	16/4/19	8:20:00 AM	41.68	-158.05	100.00	5509.00	9.31	33.42	281.20	8.68	0.15		6.54	0.40	0.67	52.72		0.42	
73172	Gradients_3	4	A	16/4/19	8:20:00 AM	41.68	-158.05	100.00	5509.00	9.31	33.42	281.20	8.68	0.15		6.54	0.40	0.67	52.72		0.42	
73371	Gradients_3	5	A	20/4/19	8:00:00 AM	37.00	-158.00	15.00	5728.00	13.57	33.83	262.20	3.99	0.00		0.01	0.03	0.16			0.41	
73372	Gradients_3	5	A	20/4/19	8:00:00 AM	37.00	-158.00	15.00	5728.00	13.57	33.83	262.20	3.99	0.00		0.01	0.03	0.16			0.41	
73365	Gradients_3	5	A	20/4/19	8:00:00 AM	37.00	-158.00	45.00	5728.00	13.38	33.89	263.50	4.14	0.00		0.03	0.04	0.16			0.79	
73366	Gradients_3	5	A	20/4/19	8:00:00 AM	37.00	-158.00	45.00	5728.00	13.38	33.89	263.50	4.14	0.00		0.03	0.04	0.16			0.79	
73359	Gradients_3	5	A	20/4/19	8:00:00 AM	37.00	-158.00	50.00	5728.00	12.85	33.89	265.60	4.28	0.02		0.24	0.08	0.17			1.10	DCM
73360	Gradients_3	5	A	20/4/19	8:00:00 AM	37.00	-158.00	50.00	5728.00	12.85	33.89	265.60	4.28	0.02		0.24	0.08	0.17			1.10	DCM
73353	Gradients_3	5	A	20/4/19	8:00:00 AM	37.00	-158.00	100.00	5728.00	12.31	33.86	262.40	4.71	0.11		1.07	0.42	0.26			0.65	
73354	Gradients_3	5	A	20/4/19	8:00:00 AM	37.00	-158.00	100.00	5728.00	12.31	33.86	262.40	4.71	0.11		1.07	0.42	0.26			0.65	
73347	Gradients_3	5	A	20/4/19	8:00:00 AM	37.00	-158.00	125.00	5728.00	12.18	33.89	259.10	4.82	0.22		1.73	0.30	0.29			0.31	
73348	Gradients_3	5	A	20/4/19	8:00:00 AM	37.00	-158.00	125.00	5728.00	12.18	33.89	259.10	4.82	0.22		1.73	0.30	0.29			0.31	
73419	Gradients_3	6	A	22/4/19	6:24:00 AM	32.93	-158.00	15.00	5974.00	17.22	34.65	241.60	3.24	0.00		0.00	0.00	0.07	62.24		0.19	
73420	Gradients_3	6	A	22/4/19	6:24:00 AM	32.93	-158.00	15.00	5974.00	17.22	34.65	241.60	3.24	0.00		0.00	0.00	0.07	62.24		0.19	
73413	Gradients_3	6	A	22/4/19	6:24:00 AM	32.93	-158.00	45.00	5974.00	16.55	34.60	244.10	3.29	0.01		0.01	0.00	0.07			0.22	
73414	Gradients_3	6	A	22/4/19	6:24:00 AM	32.93	-158.00	45.00	5974.00	16.55	34.60	244.10	3.29	0.01		0.01	0.00	0.07			0.22	
73407	Gradients_3	6	A	22/4/19	6:24:00 AM	32.93	-158.00	75.00	5974.00	16.17	34.60	243.90	3.35	0.01		0.01	0.00	0.07	59.30		0.31	
73408	Gradients_3	6	A	22/4/19	6:24:00 AM	32.93	-158.00	75.00	5974.00	16.17	34.60	243.90	3.35	0.01		0.01	0.00	0.07	59.30		0.31	
73401	Gradients_3	6	A	22/4/19	6:24:00 AM	32.93	-158.00	114.00	5974.00	16.08	34.62	240.80	3.28	0.06		0.08	0.08	0.09	56.92		0.51	DCM
73402	Gradients_3	6	A	22/4/19	6:24:00 AM	32.93	-158.00	114.00	5974.00	16.08	34.62	240.80	3.28	0.06		0.08	0.08	0.09	56.92		0.51	DCM
73492	Gradients_3	8	A	24/4/19	2:50:00 PM	42.33	-158.00	15.00	5753.00	9.11	33.17	296.70	6.84	0.12		6.23	0.17	0.70	59.01		1.30	
73502	Gradients_3	8	A	24/4/19	2:50:00 PM	42.33	-158.00	15.00	5753.00	9.11	33.17	296.70	6.84	0.12		6.23	0.17	0.70	59.01		1.30	
73486	Gradients_3	8	A	24/4/19	2:45:00 PM	42.33	-158.00	41.00	5753.00	9.04	33.17	294.20	7.08	0.11		6.47	0.18	0.73	59.39		1.83	DCM
73487	Gradients_3	8	A	24/4/19	2:45:00 PM	42.33	-158.00	41.00	5753.00	9.04	33.17	294.20	7.08	0.11		6.47	0.18	0.73	59.39		1.83	DCM
73480	Gradients_3	8	A	24/4/19	2:45:00 PM	42.33	-158.00	75.00	5753.00	8.57	33.17	285.70	7.51	0.13		7.17	0.47	0.74	55.10		0.43	
73481	Gradients_3	8	A	24/4/19	2:45:00 PM	42.33	-158.00	75.00	5753.00	8.57	33.17	285.70	7.51	0.13		7.17	0.47	0.74	55.10		0.43	
73581	Gradients_3	9	A	28/4/19	5:45:00 AM	27.07	-157.98	15.00	5394.00	23.06	35.26	215.10									0.23	
73582	Gradients_3	9	A	28/4/19	5:45:00 AM	27.07	-157.98	15.00	5394.00	23.06	35.26	215.10									0.23	
73579	Gradients_3	9	A	28/4/19	5:45:00 AM	27.07	-157.98	45.00	5394.00	20.94	35.30	222.80									0.24	
73580	Gradients_3	9	A	28/4/19	5:45:00 AM	27.07	-157.98	45.00	5394.00	20.94	35.30	222.80									0.24	
73577	Gradients_3	9	A	28/4/19	5:45:00 AM	27.07	-157.98	75.00	5394.00	20.09	35.25	221.10									0.34	
73578	Gradients_3	9	A	28/4/19	5:45:00 AM	27.07	-157.98	75.00	5394.00	20.09	35.25	221.10									0.34	
73575	Gradients_3	9	A	28/4/19	5:45:00 AM	27.07	-157.98	100.00	5394.00	19.54	35.22	221.30									0.49	DCM
73576	Gradients_3	9	A	28/4/19	5:45:00 AM	27.07	-157.98	100.00	5394.00	19.54	35.22	221.30									0.49	DCM
72921	Gradients_3	underway	A	11/4/19	10:00:00 AM	26.44	-158.00	0.00	5197.00	21.84	35.52	227.28	1.35	0.00	0.00	0.00	0.01	0.03	71.07			
72922	Gradients_3	underway	A	11/4/19	10:00:00 AM	26.44	-158.00	0.00	5197.00	21.84	35.52	227.28	1.35	0.00	0.00	0.00	0.01	0.03	71.07			
72929	Gradients_3	underway	A	11/4/19	4:00:00 PM	27.41	-158.00	0.00	5493.00	21.48	35.54	230.88	1.45	0.00	0.00	0.01	0.01	0.03	70.67			
72930	Gradients_3	underway	A	11/4/19	4:00:00 PM	27.41	-158.00	0.00	5493.00	21.48	35.54	230.88	1.45	0.00	0.00	0.01	0.01	0.03	70.67			
72937	Gradients_3	underway	A	11/4/19	9:50:00 PM	28.22	-158.00	0.00	5702.00	21.09	35.56	231.89	1.47	0.00	0.00	0.01	0.01	0.03	73.32			
72938	Gradients_3	underway	A	11/4/19	9:50:00 PM	28.22	-158.00	0.00	5702.00	21.09	35.56	231.89	1.47	0.00	0.00	0.01	0.01	0.03	73.32			
72945	Gradients_3	underway	A	12/4/19	3:10:00 AM	29.05	-158.00	0.00	5605.00	20.03	35.53	235.52	2.00	0.01	0.00	0.00	0.01	0.04	68.60			
72946	Gradients_3	underway	A	12/4/19	3:10:00 AM	29.05	-158.00	0.00	5605.00	20.03	35.53	235.52	2.00	0.01	0.00	0.00	0.01	0.04	68.60			
72951	Gradients_3	underway	A	12/4/19	6:15:00 AM	29.53	-158.00	0.00	5837.00	19.64	35.48	237.54										
72952	Gradients_3	underway	A	12/4/19	6:15:00 AM	29.53	-158.00	0.00	5837.00	19.64	35.48	237.54										
72959	Gradients_3	underway	A	12/4/19	9:14:00 AM	29.91	-157.99	0.00	5855.00	19.61	35.48	237.48	2.19	0.00	0.00	0.01	0.01	0.05	66.27			
72960	Gradients_3	underway	A	12/4/19	9:14:00 AM	29.91	-157.99	0.00	5855.00	19.61	35.48	237.48	2.19	0.00	0.00	0.01	0.01	0.05	66.27			
72967	Gradients_3	underway	A	12/4/19	1:30:00 PM	30.55	-158.00	0.00	5876.00	19.36	35.43	239.43	2.10	0.00	0.00	0.00	0.01	0.04	68.44			
72968	Gradients_3	underway	A	12/4/19	1:30:00 PM	30.55	-158.00	0.00	5876.00	19.36	35.43	239.43	2.10	0.00	0.00	0.00	0.01	0.04	68.44			
73007	Gradients_3	underway	A	13/4/19	3:25:00 AM	31.93	-158.00	0.00	5929.00	17.74	34.96	249.15	3.22	0.00	0.00	0.00	0.01	0.07	62.76			
73008	Gradients_3	underway	A	13/4/19	3:25:00 AM	31.93	-158.00	0.00	5929.00	17.74	34.96	249.15	3.22	0.00	0.00	0.00	0.01	0.07	62.76			
73015	Gradients_3	underway	A	13/4/19	6:20:00 AM	32.40	-158.00	0.00	6055.00	17.82	34.98	248.92	2.85	0.00	0.00	0.01	0.01	0.06	63.55			
73016	Gradients_3	underway	A	13/4/19	6:20:00 AM	32.40	-158.00	0.00	6055.00	17.82	34.98	248.92	2.85	0.00	0.00	0.01	0.01	0.06	63.55			
73023	Gradients_3	underway	A	13/4/19	9:00:00 AM	32.81	-158.00	0.00	5927.00	17.50	34.92	250.59	3.31	0.01	0.00	0.01	0.04	0.07	59.13			
73024	Gradients_3	underway	A	13/4/19	9:00:00 AM	32.81	-158.00	0.00	5927.00	17.50	34.92	250.59	3.31	0.01	0.00	0.01	0.04	0.07	59.13			
73029	Gradients_3	underway	A	13/4/19	12:07:00 PM	33.27	-158.00	0.00	5857.00	17.32	34.91	251.37	3.58	0.00	0.00	0.00	0.01	0.09	59.45			
73030	Gradients_3	underway	A	13/4/19	12:07:00 PM	33.27	-158.00	0.00	5857.00	17.32	34.91	251.37	3.58	0.00	0.00	0.00	0.01	0.09	59.45			
73035	Gradients_3	underway	A	13/4/19	4:30:00 PM	33.93	-158.00	0.00	6016.00	16.22	34.52	258.96	3.73	0.00	0.00	0.00	0.01	0.09	59.16			
73036	Gradients_3	underway	A	13/4/19	4:30:00 PM	33.93	-158.00	0.00	6016.00	16.22	34.52	258.96	3.73	0.00	0.00	0.00	0.01	0.09	59.16			
73043	Gradients_3	underway	A	13/4/19	6:12:00 PM	34.18	-158.00	0.00	5902.00	15.31	34.38	263.52	3.87	0.00	0.00	0.00	0.06	0.11	58.49			
73044	Gradients_3	underway	A	13/4/19	6:12:00 PM	34.18	-158.00	0.00	5902.00	15.31	34.38	263.52	3.87	0.00	0.00	0.00	0.06	0.11	58.49			
73049	Gradients_3	underway	A	13/4/19	9:05:00 PM	34.63	-158.00	0.00	5931.00	15.93	34.57	259.42	4.08	0.00	0.00	0.01	0.13	0.14	61.11			
73050	Gradients_3	underway	A	13/4/19	9:05:00 PM	34.63	-158.00	0.00	5931.00	15.93	34.57	259.42	4.08	0.00	0.00	0.01	0.13	0.14	61.11			
73057	Gradients_3	underway	A	14/4/19	12:00:00 AM	35.07	-158.00	0.00	6054.00	15.20	34.36	265.13	4.26	0.00	0.01	0.01	0.03	0.14	57.27			
73058	Gradients_3	underway	A	14/4/19	12:00:00 AM	35.07	-158.00	0.00	6054.00	15.20	34.36	265.13	4.26	0.00	0.01	0.01	0.03	0.14	57.27			
73063	Gradients_3	underway	A	14/4/19	3:25:00 AM	35.58	-158.00	0.00	5620.00	15.08	34.46	263.28	4.23	0.00	0.01	0.01	0.06	0.14	58.20			
73064	Gradients_3	underway	A	14/4/19	3:25:00 AM	35.58	-158.00	0.00	5620.00	15.08	34.46	263.28	4.23	0.00	0.01	0.01	0.06	0.14	58.20			
73073	Gradients_3	underway	A	14/4/19	7:21:00 AM	36.19	-158.00	0.00	5297.00	14.68	34.43	264.75	4.31	0.01	0.01	0.02	0.05	0.14	57.45			
73074	Gradients_3	underway	A	14/4/19	7:21:00 AM	36.19	-158.00	0.00	5297.00	14.68	34.43	264.75	4.31	0.01	0.01	0.02	0.05	0.14	57.45			
73113	Gradients_3	underway	A	14/4/19	9:10:00 PM	37.47	-158.00	0.00	5503.00	13.28	34.06	277.90	3.78	0.01	0.00	0.01	0.07	0.22	59.10			
73114	Gradients_3	underway	A	14/4/19	9:10:00 PM	37.47	-158.00	0.00	5503.00	13.28	34.06	277.90	3.78	0.01	0.00	0.01	0.07	0.22	59.10			
73119	Gradients_3	underway	A	15/4/19	3:20:00 AM	38.55	-158.00	0.00	5390.00	12.18	33.85	283.37	4.45	0.05	1.30	1.36	0.14	0.31	56.49			
73120	Gradients_3	underway	A	15/4/19	3:20:00 AM	38.55	-158.00	0.00	5390.00	12.18	33.85	283.37	4.45	0.05	1.30	1.36	0.14	0.31	56.49			
73125	Gradients_3	underway	A	15/4/19	9:28:00 AM	39.66	-158.00	0.00	5224.00	11.43	33.79	285.51	4.34	0.06	1.30	1.36	0.07	0.31	56.30			
73126	Gradients_3	underway	A	15/4/19	9:28:00 AM	39.66	-158.00	0.00	5224.00	11.43	33.79	285.51	4.34	0.06	1.30	1.36	0.07	0.31	56.30			
73131	Gradients_3	underway	A	15/4/19	3:05:00 PM	40.61	-158.00	0.00	5338.00	11.41	33.85	284.56	7.56	0.11	5.14	5.24	0.13	0.60	55.89			
73132	Gradients_3	underway	A	15/4/19	3:05:00 PM	40.61	-158.00	0.00	5338.00	11.41	33.85	284.56	7.56	0.11	5.14	5.24	0.13	0.60	55.89			