Corrected_DNA_ID,Original_DNA_ID,Cast_Type,Cruise,Station,Niskin,Latitude,Longitude,Pressure,Temperature,Salinity,Oxygen,Phosphate,Silicate,Nitrate,Nitrite,Photic.Zone,DNA.concentration.ng.uL,Depth,Eukaryotic_Fraction_from_Trimmed_Sequences_(18S/16S+18S)
P16N-S04-N01,P16N-S04-N01,Trace_Metal,P16N,S04,N01,-14.0001,-151.001,1009.3,4.1326,34.5166,130.3,2.46,68.41,35.81,0.01,Aphotic,0.965481456248766,1001.0122647534,0.00775224
P16N-S04-N02,P16N-S04-N02,Trace_Metal,P16N,S04,N02,-14.0001,-151.001,708.3,5.5264,34.4619,147.3,2.19,39.33,32.6,0.01,Aphotic,1.66021943534841,702.989587724591,0.02724576
P16N-S04-N04,P16N-S04-N04,Trace_Metal,P16N,S04,N04,-14.0001,-151.001,256.5,19.3434,35.626,169.8,0.58,0.78,5.46,0.02,Aphotic,4.03804661811297,254.85381892144,0.02243989
P16N-S04-N05,P16N-S04-N05,Trace_Metal,P16N,S04,N05,-14.0001,-151.001,204.7,22.6075,36.1251,177.2,0.44,0.39,3.02,0.06,Euphotic,4.4297405194515,203.411724967351,0.02143735
P16N-S04-N06,P16N-S04-N06,Trace_Metal,P16N,S04,N06,-14.0001,-151.001,157.2,24.9995,36.3531,191.6,0.26,0.19,0.19,0.12,Euphotic,10.1096164499367,156.228612248146,0.02350207
P16N-S04-N08,P16N-S04-N08,Trace_Metal,P16N,S04,N08,-14.0001,-151.001,104.2,27.9785,36.2407,200.8,0.18,0.29,0.1,0.01,Euphotic,17.4889283600657,103.569402440781,0.01457887
P16N-S04-N11,P16N-S04-N11,Trace_Metal,P16N,S04,N11,-14.0001,-151.001,42.8,29.0668,36.1417,193.8,0.18,0.19,0.19,0.01,Euphotic,13.1255966180281,42.5473124757572,0.00844153
P16N-S04-N12,P16N-S04-N12,Trace_Metal,P16N,S04,N12,-14.0001,-151.001,23.6,29.1665,36.1183,194.1,0.18,0.29,0.1,0.01,Euphotic,15.9529601402101,23.4617598550857,0.01184275
P16N-S08-N03,P16N-S08-N03,Trace_Metal,P16N,S08,N03,-10,-151,504.9,7.5063,34.5843,140.5,2.3,33.47,34.25,0.01,Aphotic,2.4021115759254,501.434458419569,0.01091506
P16N-S08-N04,P16N-S08-N04,Trace_Metal,P16N,S08,N04,-10,-151,252.6,16.4869,35.2401,157.2,0.96,3.51,10.83,0.01,Aphotic,3.58913900084859,251.01881208484,0.01838687
P16N-S08-N05,P16N-S08-N05,Trace_Metal,P16N,S08,N05,-10,-151,203.3,20.6876,35.8367,165.6,0.64,1.07,6.24,0.02,Aphotic,4.85727158351282,202.051484272406,0.04914780
P16N-S08-N06,P16N-S08-N06,Trace_Metal,P16N,S08,N06,-10,-151,153.8,23.6486,36.2918,179.8,0.45,0.49,3.12,0.1,Euphotic,6.46302796235488,152.873777985545,0.02000135
P16N-S08-N08,P16N-S08-N08,Trace_Metal,P16N,S08,N08,-10,-151,103.7,27.3231,36.3596,196.5,0.22,0.58,0.1,0.01,Euphotic,15.3607038720545,103.087994547671,0.01241440
P16N-S08-N11,P16N-S08-N11,Trace_Metal,P16N,S08,N11,-10,-151,36.7,29.1895,35.9801,194.2,0.2,0.29,0,0.01,Euphotic,15.6536883953671,36.4893316362989,0.01162166
P16N-S08-N12,P16N-S08-N12,Trace_Metal,P16N,S08,N12,-10,-151,22,29.2148,35.9776,194.5,0.2,0.39,0.1,0.01,Euphotic,12.6113018968484,21.8744935114442,0.00943254
P16N-S12-N01,P16N-S12-N01,Trace_Metal,P16N,S12,N01,-6,-151,1010.1,4.3718,34.5491,86.9,2.75,78.46,39.42,0.02,Aphotic,1.43199329379803,1002.05554825439,0.03150439
P16N-S12-N03,P16N-S12-N03,Trace_Metal,P16N,S12,N03,-6,-151,506.3,8.3303,34.6424,53,2.45,32.69,36.49,0.02,Aphotic,3.21127698687674,502.874195030378,0.00795872
P16N-S12-N04,P16N-S12-N04,Trace_Metal,P16N,S12,N04,-6,-151,256.6,12.5592,34.9346,65,1.95,16.1,26.54,0.02,Aphotic,4.32663008635436,255.017193314124,0.04728513
P16N-S12-N05,P16N-S12-N05,Trace_Metal,P16N,S12,N05,-6,-151,207.5,15.4185,35.1865,117.1,1.45,7.51,17.85,0.03,Aphotic,5.47216184917748,206.244530487381,0.08018612
P16N-S12-N06,P16N-S12-N06,Trace_Metal,P16N,S12,N06,-6,-151,157.2,19.3276,35.5736,155.1,0.86,1.56,8.97,0.08,Aphotic,6.826429366807,156.267877863314,0.05863255
P16N-S12-N08,P16N-S12-N08,Trace_Metal,P16N,S12,N08,-6,-151,103.9,27.14,36.245,188.9,0.41,0.39,1.56,1.11,Euphotic,8.0757002848803,103.297248787692,0.03149254
P16N-S12-N11,P16N-S12-N11,Trace_Metal,P16N,S12,N11,-6,-151,36.8,27.9745,35.7597,199.8,0.38,0.39,2.44,0.09,Euphotic,23.1040459087886,36.5924628768668,0.00215613
P16N-S12-N12,P16N-S12-N12,Trace_Metal,P16N,S12,N12,-6,-151,20.9,27.9902,35.7626,199.6,0.38,0.49,2.53,0.09,Euphotic,23.7962689992761,20.7829337482026,0.01568044
P16N-S18-N01,P16N-S18-N01,Trace_Metal,P16N,S18,N01,-0.995,-150.991,1009.3,4.6105,34.5506,82.4,2.74,77.39,39.05,0.01,Aphotic,1.96703584602771,1001.31998227059,0.07410562
P16N-S18-N03,P16N-S18-N03,Trace_Metal,P16N,S18,N03,-0.995,-150.991,506.2,7.2386,34.5868,50.4,2.59,43.18,37.89,0.01,Aphotic,2.95475834843995,502.803190711424,0.04442292
P16N-S18-N04,P16N-S18-N04,Trace_Metal,P16N,S18,N04,-0.995,-150.991,252.4,12.0611,34.8757,70.3,1.87,19.55,27.21,0.01,Aphotic,5.44512679659713,250.859714517148,0.06367760
P16N-S18-N05,P16N-S18-N05,Trace_Metal,P16N,S18,N05,-0.995,-150.991,205.3,12.9024,34.9658,102.2,1.6,13.69,22.57,0.02,Aphotic,6.26938153922123,204.070371829753,0.05996717
P16N-S18-N06,P16N-S18-N06,Trace_Metal,P16N,S18,N06,-0.995,-150.991,154.1,15.67,35.2601,103,1.41,8.37,18.57,0.03,Aphotic,8.04237801076963,153.196000307835,0.06309237
P16N-S18-N08,P16N-S18-N08,Trace_Metal,P16N,S18,N08,-0.995,-150.991,103,21.0054,35.6019,173.6,0.98,3.06,9.6,2.02,Euphotic,11.2997874856251,102.40843663625,0.03965163
P16N-S18-N11,P16N-S18-N11,Trace_Metal,P16N,S18,N11,-0.995,-150.991,38.2,25.6715,35.2952,205.8,0.58,1.84,5.56,0.34,Euphotic,27.2617855067849,37.9865689754949,0.04541240
P16N-S18-N12,P16N-S18-N12,Trace_Metal,P16N,S18,N12,-0.995,-150.991,23.6,25.7973,35.2903,205.6,0.59,2.08,5.68,0.34,Euphotic,25.9006020454721,23.4689729425805,0.02779921
P16N-S21-N01,P16N-S21-N01,Trace_Metal,P16N,S21,N01,0.5002,-150.981,958.7,4.5302,34.5556,86,2.75,80.72,39.34,0.01,Aphotic,2.1795439337523,951.236003708653,0.03542578
P16N-S21-N03,P16N-S21-N03,Trace_Metal,P16N,S21,N03,0.5002,-150.981,554.9,7.5466,34.5983,80.5,2.6,42.8,38.12,0.01,Aphotic,3.84251402852022,551.112518223889,0.02851238
P16N-S21-N04,P16N-S21-N04,Trace_Metal,P16N,S21,N04,0.5002,-150.981,276.5,11.9957,34.8578,94.3,1.82,20.19,27.04,0.01,Aphotic,6.0681904502512,274.796974493786,0.05522410
P16N-S21-N05,P16N-S21-N05,Trace_Metal,P16N,S21,N05,0.5002,-150.981,229.2,12.3524,34.8793,107.1,1.64,17.92,24.14,0.01,Aphotic,5.34956102933636,227.814334563002,0.08158888
P16N-S21-N06,P16N-S21-N06,Trace_Metal,P16N,S21,N06,0.5002,-150.981,182.7,12.9556,34.9322,125,1.41,14.5,20.55,0.01,Aphotic,6.24737626386513,181.615873605652,0.08592207
P16N-S21-N08,P16N-S21-N08,Trace_Metal,P16N,S21,N08,0.5002,-150.981,113.9,16.8726,34.9688,133.9,0.91,8.08,13.07,0.04,Aphotic,10.5113699057237,113.242979822866,0.09516061
P16N-S21-N11,P16N-S21-N11,Trace_Metal,P16N,S21,N11,0.5002,-150.981,43.8,24.3702,35.1647,185.5,0.59,2.33,6.38,0.46,Euphotic,25.4749571478699,43.5547411278622,0.03436972
P16N-S21-N12,P16N-S21-N12,Trace_Metal,P16N,S21,N12,0.5002,-150.981,26.2,25.1392,35.2793,185.8,0.56,1.94,5.84,0.44,Euphotic,24.1364076840661,26.0544044698287,0.00099091
P16N-S26-N01,P16N-S26-N01,Trace_Metal,P16N,S26,N01,3.9999,-150.999,1007.9,4.3898,34.5623,69.2,2.85,88.41,40.34,0.01,Aphotic,1.69794276453029,999.91030067073,0.03270428
P16N-S26-N03,P16N-S26-N03,Trace_Metal,P16N,S26,N03,3.9999,-150.999,504.7,7.3402,34.5818,58.8,2.75,48.1,39.27,0.01,Aphotic,2.02613572841265,501.302987353203,0.03927393
P16N-S26-N04,P16N-S26-N04,Trace_Metal,P16N,S26,N04,3.9999,-150.999,254.6,9.7302,34.6629,61.1,2.16,29.87,31.98,0.01,Aphotic,3.61931766419409,253.038847591621,0.04866234
P16N-S26-N05,P16N-S26-N05,Trace_Metal,P16N,S26,N05,3.9999,-150.999,202.8,10.4547,34.6608,52.8,2.11,28.01,30.78,0.01,Aphotic,3.0339773397219,201.581707032102,0.06518621
P16N-S26-N06,P16N-S26-N06,Trace_Metal,P16N,S26,N06,3.9999,-150.999,152.9,12.9504,34.6101,86.4,1.67,19.2,23.79,0.01,Aphotic,6.35425902988046,151.999819062562,0.12122958
P16N-S26-N11,P16N-S26-N11,Trace_Metal,P16N,S26,N11,3.9999,-150.999,37.6,26.9696,34.8899,204.3,0.32,0.67,2.04,0.12,Euphotic,18.397431871196,37.3890748436192,0.02913354
P16N-S26-N12,P16N-S26-N12,Trace_Metal,P16N,S26,N12,3.9999,-150.999,22.4,27.0191,34.8892,203.6,0.31,0.67,2.01,0.11,Euphotic,19.6919707842875,22.2751634684925,0.03773072
P16N-S32-N01,P16N-S32-N01,Trace_Metal,P16N,S32,N01,10.0002,-151.94,962.2,4.7577,34.5486,38.9,3.03,87.62,42.45,0.01,Aphotic,1.61432271817712,954.549212665403,0.05089447
P16N-S32-N03,P16N-S32-N03,Trace_Metal,P16N,S32,N03,10.0002,-151.94,504.8,8.3341,34.595,21.4,2.82,45.75,36.63,0.01,Aphotic,1.98841239923077,501.33526222579,0.04238548
P16N-S32-N04,P16N-S32-N04,Trace_Metal,P16N,S32,N04,10.0002,-151.94,408.9,9.3462,34.6512,25.5,2.64,37.14,35.66,0.01,Aphotic,2.49579117672707,406.187239083694,0.04893133
P16N-S32-N05,P16N-S32-N05,Trace_Metal,P16N,S32,N05,10.0002,-151.94,254.8,10.5624,34.7089,20.4,2.32,28.87,33.58,0.01,Aphotic,4.09714650049792,253.203693642115,0.06529912
P16N-S32-N06,P16N-S32-N06,Trace_Metal,P16N,S32,N06,10.0002,-151.94,159,11.4585,34.7131,10.4,2.37,26.74,33.49,0.01,Aphotic,4.22540581971631,158.040472799176,0.10395013
P16N-S32-N08,P16N-S32-N08,Trace_Metal,P16N,S32,N08,10.0002,-151.94,107.3,12.9248,34.6261,121.9,2.13,19.94,28.23,0.03,Euphotic,4.94969374000843,106.665817839708,0.04384869
P16N-S32-N11,P16N-S32-N11,Trace_Metal,P16N,S32,N11,10.0002,-151.94,41.4,26.2071,34.5373,202.9,0.15,0.28,0.01,0.01,Euphotic,15.1463096178708,41.161883002157,0.06151451
P16N-S32-N12,P16N-S32-N12,Trace_Metal,P16N,S32,N12,10.0002,-151.94,22,26.7362,34.6508,202.7,0.15,0.01,0.02,0.01,Euphotic,17.5637462962764,21.87449337357,0.01563232
P16N-S36-N01,P16N-S36-N01,Trace_Metal,P16N,S36,N01,13.9988,-152.002,959.3,4.5345,34.5347,44.8,2.99,93.44,42.22,0.01,Aphotic,1.18616293196277,951.536380840797,0.01931139
P16N-S36-N03,P16N-S36-N03,Trace_Metal,P16N,S36,N03,13.9988,-152.002,556.8,6.9809,34.5198,32.9,2.86,58.58,39.13,0.01,Aphotic,1.7463543703137,552.826447125666,0.01632642
P16N-S36-N04,P16N-S36-N04,Trace_Metal,P16N,S36,N04,13.9988,-152.002,278.9,9.6163,34.464,87.5,2.38,34.07,31.56,0.01,Aphotic,3.32696186303451,277.095084214659,0.07968228
P16N-S36-N05,P16N-S36-N05,Trace_Metal,P16N,S36,N05,13.9988,-152.002,227.6,10.0324,34.3468,192.9,2.08,28.51,27.15,0.01,Aphotic,2.85039047103675,226.155098412705,0.03646579
P16N-S36-N06,P16N-S36-N06,Trace_Metal,P16N,S36,N06,13.9988,-152.002,175.9,12.2249,34.1428,201.6,1.22,12.3,16.03,0.02,Aphotic,3.91355963181276,174.805160775014,0.04413433
P16N-S36-N08,P16N-S36-N08,Trace_Metal,P16N,S36,N08,13.9988,-152.002,109,20.3843,34.568,224.3,0.27,1.2,0.38,0.02,Euphotic,15.9617622503525,108.33910054711,0.04272624
P16N-S36-N11,P16N-S36-N11,Trace_Metal,P16N,S36,N11,13.9988,-152.002,42,25.9004,34.365,206.1,0.13,0.07,0,0.01,Euphotic,10.1982662735141,41.7521189321119,0.03516110
P16N-S36-N12,P16N-S36-N12,Trace_Metal,P16N,S36,N12,13.9988,-152.002,20.8,25.905,34.3617,206.4,0.13,0.04,0.01,0.01,Euphotic,9.50227085010843,20.6783028065911,0.03835652
P16N-S40-N02,P16N-S40-N02,Trace_Metal,P16N,S40,N02,18,-152,275.2,14.9487,34.3731,26.6,0.84,11.46,12.46,0.01,Aphotic,3.637550606632,273.368095953591,0.04498777
P16N-S40-N03,P16N-S40-N03,Trace_Metal,P16N,S40,N03,18,-152,221.2,14.9487,34.3944,24.9,0.41,4.15,5.5,0.01,Aphotic,3.83748425129597,219.756219874766,0.05056361
P16N-S40-N04,P16N-S40-N04,Trace_Metal,P16N,S40,N04,18,-152,179.1,19.2217,34.8762,206.7,0.17,1.42,1.89,0.02,Aphotic,6.20147954669384,177.949120331631,0.08171141
P16N-S40-N05,P16N-S40-N05,Trace_Metal,P16N,S40,N05,18,-152,143.6,21.4876,35.0373,192,0.07,0.62,0.07,0.07,Euphotic,10.8917468083077,142.689494807476,0.03479181
P16N-S40-N06,P16N-S40-N06,Trace_Metal,P16N,S40,N06,18,-152,114.1,23.5951,34.9536,207.4,0.05,0.36,0.05,0.01,Euphotic,13.4311555844013,113.384638182828,0.04011138
P16N-S40-N09,P16N-S40-N09,Trace_Metal,P16N,S40,N09,18,-152,47.1,23.7192,34.6042,212.9,0.09,0.32,0,0.01,Euphotic,12.3051142083222,46.8122997536697,0.03465315
P16N-S40-N10,P16N-S40-N10,Trace_Metal,P16N,S40,N10,18,-152,24.4,23.7481,34.5319,-999,0.09,0.29,0.02,0.01,Euphotic,12.4,24.252292601482,0.04502562
P16N-S47-N01,P16N-S47-N01,Trace_Metal,P16N,S47,N01,24.9995,-152,957.4,4.1034,34.3907,31.6,3.04,108.22,42.78,0,Aphotic,1.1,949.054076050616,0.02054600
P16N-S47-N03,P16N-S47-N03,Trace_Metal,P16N,S47,N03,24.9995,-152,553.6,7.0714,34.0345,210.4,-999,-999,-999,-999,Aphotic,1.35,549.305068954733,0.00702415
P16N-S47-N05,P16N-S47-N05,Trace_Metal,P16N,S47,N05,24.9995,-152,228.7,16.8565,34.6948,209.3,0.28,2.83,3.32,0.02,Aphotic,3.12,227.103446921273,0.01188486
P16N-S47-N06,P16N-S47-N06,Trace_Metal,P16N,S47,N06,24.9995,-152,177.4,19.2358,34.9562,202.5,0.18,1.46,1.86,0.03,Aphotic,5.09,176.183421411963,0.00828062
P16N-S47-N08,P16N-S47-N08,Trace_Metal,P16N,S47,N08,24.9995,-152,106.4,21.9777,35.2906,209.9,0.06,0.2,0,0.01,Euphotic,2.62,105.68848608369,0.00111997
P16N-S47-N11,P16N-S47-N11,Trace_Metal,P16N,S47,N11,24.9995,-152,40.2,22.023,35.2847,217.6,0.04,0.1,0,0.01,Euphotic,5.66,39.9375816767858,0.00245428
P16N-S47-N12,P16N-S47-N12,Trace_Metal,P16N,S47,N12,24.9995,-152,19.9,22.0173,35.2853,217.7,0.04,0,0,0,Euphotic,6.11,19.7710695704964,0.01255230
P16N-S51-N01,P16N-S51-N01,Trace_Metal,P16N,S51,N01,28.9915,-151.998,959.1,3.7933,34.3497,15.7,3.1,117.27,43.6,0,Aphotic,0.8,950.452627338094,0.03569790
P16N-S51-N03,P16N-S51-N03,Trace_Metal,P16N,S51,N03,28.9915,-151.998,553.5,6.5185,33.9976,148.6,2.09,50.13,30.08,0,Aphotic,1.43730764717088,549.042622086812,0.03436748
P16N-S51-N04,P16N-S51-N04,Trace_Metal,P16N,S51,N04,28.9915,-151.998,278.5,12.2716,34.2382,217.5,0.68,8.35,9.05,0.01,Aphotic,1.98466296681895,276.440276899118,0.03512340
P16N-S51-N05,P16N-S51-N05,Trace_Metal,P16N,S51,N05,28.9915,-151.998,226.3,14.2173,34.3915,210.2,0.47,5.01,5.62,0.01,Aphotic,3.1822169855897,224.654661521144,0.03906084
P16N-S51-N06,P16N-S51-N06,Trace_Metal,P16N,S51,N06,28.9915,-151.998,179.3,16.7912,34.6576,228.3,0.18,2.24,1.47,0.06,Euphotic,4.8884398850165,178.016606386168,0.01921957
P16N-S51-N08,P16N-S51-N08,Trace_Metal,P16N,S51,N08,28.9915,-151.998,107.2,19.2723,35.1755,226.9,0.04,0.83,0.03,0.02,Euphotic,8.10904430858773,106.451256432764,0.01426011
P16N-S51-N11,P16N-S51-N11,Trace_Metal,P16N,S51,N11,28.9915,-151.998,40.2,19.9067,35.2697,226.5,0.02,0.5,0.05,0,Euphotic,7.37148691131146,39.9257020465799,0.01920852
P16N-S51-N12,P16N-S51-N12,Trace_Metal,P16N,S51,N12,28.9915,-151.998,21,19.9297,35.2698,226.2,0.02,0.53,0.06,0,Euphotic,9.0729620323938,20.8576810250564,0.01977856
P16N-S55-N01,P16N-S55-N01,Trace_Metal,P16N,S55,N01,32.9997,-152,960.2,3.53,34.3069,7.2,3.08,123.46,43.64,0,Aphotic,0.895066457819922,951.230014182256,0.04391373
P16N-S55-N03,P16N-S55-N03,Trace_Metal,P16N,S55,N03,32.9997,-152,557.4,5.972,33.9822,135.1,2.19,56.78,31.73,0,Aphotic,1.52384514262493,552.725780517514,0.15432012
P16N-S55-N04,P16N-S55-N04,Trace_Metal,P16N,S55,N04,32.9997,-152,278.1,10.5871,34.1486,219.7,0.9,13.59,13.29,0,Aphotic,3.37308325463644,275.953506140025,0.05868613
P16N-S55-N05,P16N-S55-N05,Trace_Metal,P16N,S55,N05,32.9997,-152,227.3,11.4247,34.224,219.7,0.79,10.95,11.62,0.01,Aphotic,3.49821021291264,225.573279841522,0.05351669
P16N-S55-N06,P16N-S55-N06,Trace_Metal,P16N,S55,N06,32.9997,-152,178.8,12.3641,34.2394,220.7,0.63,7.61,8.98,0.01,Aphotic,4.56587641971153,177.46252413984,0.04295985
P16N-S55-N08,P16N-S55-N08,Trace_Metal,P16N,S55,N08,32.9997,-152,108.8,15.1777,34.4619,243.9,0.15,3.02,0.79,0.1,Euphotic,10.0777503707122,108.004438821054,0.01513543
P16N-S55-N11,P16N-S55-N11,Trace_Metal,P16N,S55,N11,32.9997,-152,43.4,17.0557,34.789,245,0.05,1.9,0.02,0,Euphotic,10.0035544859052,43.0894800248138,0.01743248
P16N-S55-N12,P16N-S55-N12,Trace_Metal,P16N,S55,N12,32.9997,-152,21.7,17.4776,34.8586,241,0.05,1.81,0.04,0,Euphotic,8.77806482922025,21.5458735967163,0.01849710
P16N-S61-N01,P16N-S61-N01,Trace_Metal,P16N,S61,N01,39,-152,1008.7,3.2747,34.3081,8.9,3.11,130.3,44.18,0,Aphotic,1.47165651178611,998.636502378016,0.03913230
P16N-S61-N03,P16N-S61-N03,Trace_Metal,P16N,S61,N03,39,-152,505.9,5.8247,33.9631,111.5,2.22,58.14,31.71,0,Aphotic,3.56423197481716,501.456206023401,0.16048913
P16N-S61-N04,P16N-S61-N04,Trace_Metal,P16N,S61,N04,39,-152,254.9,9.3365,34.0623,215.9,1.12,18.83,16.29,0.01,Aphotic,4.62120894397437,252.81386840823,0.03595446
P16N-S61-N05,P16N-S61-N05,Trace_Metal,P16N,S61,N05,39,-152,203.3,10.0966,34.089,216.9,0.99,14.73,14.44,0.01,Aphotic,6.54401416210807,201.661311805266,0.03672931
P16N-S61-N08,P16N-S61-N08,Trace_Metal,P16N,S61,N08,39,-152,104.7,11.9518,33.6524,258.8,0.24,1.85,0.78,0.09,Euphotic,15.3632639951831,103.880850855463,0.02074546
P16N-S61-N11,P16N-S61-N11,Trace_Metal,P16N,S61,N11,39,-152,38.3,12.017,33.6642,272.6,0.23,1.85,0.68,0.08,Euphotic,17.3696967783958,38.0064635470876,0.03213215
P16N-S61-N12,P16N-S61-N12,Trace_Metal,P16N,S61,N12,39,-152,24.9,12.0157,33.6597,271.5,0.23,1.66,0.68,0.08,Euphotic,19.7590557806548,24.7099657858487,0.02884805
P16N-S66-N01,P16N-S66-N01,Trace_Metal,P16N,S66,N01,45.0022,-152,1013.6,3.0835,34.3435,19.5,3.08,135.99,43.38,0,Aphotic,1.60307125691036,1002.92433434078,0.02225936
P16N-S66-N03,P16N-S66-N03,Trace_Metal,P16N,S66,N03,45.0022,-152,505.3,4.5122,34.0284,54.8,2.68,84.62,38.01,0,Aphotic,3.6566624414835,500.58688578008,0.01570357
P16N-S66-N04,P16N-S66-N04,Trace_Metal,P16N,S66,N04,45.0022,-152,254.2,6.3475,33.8672,174.6,1.67,38.31,23.06,0.01,Aphotic,5.93912906732566,251.981434644708,0.16034751
P16N-S66-N05,P16N-S66-N05,Trace_Metal,P16N,S66,N05,45.0022,-152,205.3,6.9927,33.8563,204.5,1.4,28.93,19.06,0.01,Aphotic,6.00515082923019,203.532263671283,0.02587353
P16N-S66-N06,P16N-S66-N06,Trace_Metal,P16N,S66,N06,45.0022,-152,155.7,7.7128,33.7921,233.6,1.17,20.53,15.05,0.01,Aphotic,7.67015678659384,154.377861236043,0.13680238
P16N-S66-N08,P16N-S66-N08,Trace_Metal,P16N,S66,N08,45.0022,-152,105.3,7.0729,32.9213,298.9,0.96,11.83,8.61,0.14,Euphotic,15.7820305992632,104.41857398755,0.15311191
P16N-S66-N11,P16N-S66-N11,Trace_Metal,P16N,S66,N11,45.0022,-152,37.5,7.0922,32.9221,299.9,0.96,11.93,8.61,0.15,Euphotic,13.5341468010853,37.1922109479786,0.05106062
P16N-S66-N12,P16N-S66-N12,Trace_Metal,P16N,S66,N12,45.0022,-152,22.9,7.0964,32.9229,299.9,0.96,11.93,8.61,0.14,Euphotic,17.7098660468753,22.71284748208,0.03939413
P16N-S72-N01,P16N-S72-N01,Trace_Metal,P16N,S72,N01,50.9998,-152,959.6,2.8673,34.3764,19.2,3.04,142.2,43.56,0,Aphotic,1.57540499477894,949.093642207484,0.02619167
P16N-S72-N03,P16N-S72-N03,Trace_Metal,P16N,S72,N03,50.9998,-152,555,3.5262,34.1734,20,2.99,116.05,43.18,0,Aphotic,2.10672298343916,549.455560409353,0.02050909
P16N-S72-N04,P16N-S72-N04,Trace_Metal,P16N,S72,N04,50.9998,-152,278.6,3.9739,33.9534,44,2.86,89.59,41.42,0,Aphotic,3.81888734216319,276.000469789865,0.01893947
P16N-S72-N05,P16N-S72-N05,Trace_Metal,P16N,S72,N05,50.9998,-152,227.4,3.9332,33.8603,74.2,2.78,81.78,40.35,0,Aphotic,4.71615452537993,225.306061494396,0.01412315
P16N-S72-N06,P16N-S72-N06,Trace_Metal,P16N,S72,N06,50.9998,-152,178.3,4.0571,33.8143,94,2.57,72.69,36.64,0,Aphotic,5.02551363830399,176.679152114049,0.01361624
P16N-S72-N08,P16N-S72-N08,Trace_Metal,P16N,S72,N08,50.9998,-152,108.5,4.1743,33.5434,198.7,2.2,52.28,29.9,0.01,Aphotic,8.32031394668221,107.531834663597,0.02494337
P16N-S72-N11,P16N-S72-N11,Trace_Metal,P16N,S72,N11,50.9998,-152,42.1,4.5638,32.6655,315.2,1.35,23.37,13.01,0.13,Euphotic,21.6655127529836,41.7310464942694,0.09811531
P16N-S72-N12,P16N-S72-N12,Trace_Metal,P16N,S72,N12,50.9998,-152,22.5,4.5731,32.665,316.7,1.35,23.37,13.01,0.13,Euphotic,25.6588861801802,22.3038756541207,0.07699242
P16S-S05-N03,P16S-S05-N03,Trace_Metal,P16S,S05,N03,-17.9992,-150.001,441,10.109,34.5925,171.3,1.51,9.05,20,0,Aphotic,1.0931317435335,437.889348334544,0.01133701
P16S-S05-N05,P16S-S05-N05,Trace_Metal,P16S,S05,N05,-17.9992,-150.001,219.5,20.3194,35.7133,164.3,0.41,1.06,3.43,0.01,Aphotic,2.0991776392215,218.068221283988,0.02756134
P16S-S05-N08,P16S-S05-N08,Trace_Metal,P16S,S05,N08,-17.9992,-150.001,90.5,25.3227,35.9384,173.1,0.16,0.64,0.13,0,Euphotic,7.13129345371595,89.9377450048802,0.02085346
P16S-S05-N10,P16S-S05-N10,Trace_Metal,P16S,S05,N10,-17.9992,-150.001,54.8,26.1921,35.9553,204.2,0.14,0.64,0.02,0,Euphotic,8.28824623375715,54.4642517576799,0.01791702
P16S-S05-N11,P16S-S05-N11,Trace_Metal,P16S,S05,N11,-17.9992,-150.001,34.8,27.5811,36.0063,208.2,0.14,0.64,0.12,0,Euphotic,7.11683154396543,34.5884645711965,0.01401434
P16S-S05-N12,P16S-S05-N12,Trace_Metal,P16S,S05,N12,-17.9992,-150.001,20.2,28.3588,36.0813,196,0.17,0.85,0,0,Euphotic,6.92065259430627,20.0779230209544,0.01509984
P16S-S05-N14,P16S-S05-N14,Trace_Metal,P16S,S05,N14,-17.9992,-150.001,169.9,22.0795,35.8668,190.8,0.36,0.85,2.49,0.02,Euphotic,2.6386697507842,168.81200257166,0.02532720
P16S-S05-N15,P16S-S05-N15,Trace_Metal,P16S,S05,N15,-17.9992,-150.001,120.3,24.2617,35.891,176.6,0.19,0.64,-0.01,0,Euphotic,7.74938290087927,119.543977265716,0.03291470
P16S-S15-N03,P16S-S15-N03,Trace_Metal,P16S,S15,N03,-22.9998,-150,486.8,8.8931,34.5016,229.7,1.34,5.16,18.81,0,Aphotic,1.42575566779535,483.167077347564,0.17012757
P16S-S15-N05,P16S-S15-N05,Trace_Metal,P16S,S15,N05,-22.9998,-150,236.7,17.8833,35.4466,206.7,0.25,0.42,1.79,0.02,Euphotic,3.46551372130278,235.075250147498,0.09379536
P16S-S15-N08,P16S-S15-N08,Trace_Metal,P16S,S15,N08,-22.9998,-150,106,20.8811,35.5646,212.3,0.09,0.22,0.06,0,Euphotic,9.6885363648179,105.305685345287,0.07926300
P16S-S15-N09,P16S-S15-N09,Trace_Metal,P16S,S15,N09,-22.9998,-150,85.2,21.5951,35.5778,221.3,0.09,0.22,0.06,0,Euphotic,9.92118447819575,84.6461925225287,0.09355236
P16S-S15-N10,P16S-S15-N10,Trace_Metal,P16S,S15,N10,-22.9998,-150,64.4,22.2563,35.6173,221.4,0.12,0.22,0.06,0,Euphotic,7.39035027185561,63.9846189091895,0.08024332
P16S-S15-N11,P16S-S15-N11,Trace_Metal,P16S,S15,N11,-22.9998,-150,39.5,24.2234,35.6165,217.6,0.11,0.22,0.06,0,Euphotic,6.44340957253927,39.2475930399211,0.04059921
P16S-S15-N12,P16S-S15-N12,Trace_Metal,P16S,S15,N12,-22.9998,-150,14.3,26.6121,35.6588,201.7,0.12,0.42,0.06,0,Euphotic,6.22962481970557,14.2094905795437,0.12378270
P16S-S15-N15,P16S-S15-N15,Trace_Metal,P16S,S15,N15,-22.9998,-150,134.9,20.4278,35.5741,203.3,0.09,0.22,0.06,0,Euphotic,7.79213985144601,134.007009779534,0.15193295
P16S-S33-N03,P16S-S33-N03,Trace_Metal,P16S,S33,N03,-32.0005,-149.997,486.2,7.8078,34.4345,237.6,1.36,5.1,19.6,0,Aphotic,1.52321636394012,482.245661761669,0.07964314
P16S-S33-N05,P16S-S33-N05,Trace_Metal,P16S,S33,N05,-32.0005,-149.997,234.7,14.757,35.2066,227.9,0.51,1.51,5.91,0.01,Euphotic,3.36428035304917,232.932352338926,0.01712065
P16S-S33-N08,P16S-S33-N08,Trace_Metal,P16S,S33,N08,-32.0005,-149.997,104.9,17.5471,35.4512,211.7,0.09,0.69,0.06,0,Euphotic,8.58754488772433,104.142636866564,0.03622921
P16S-S33-N09,P16S-S33-N09,Trace_Metal,P16S,S33,N09,-32.0005,-149.997,87,18.0168,35.466,221.3,0.08,0.49,0.12,0,Euphotic,10.8863597593714,86.3756169409308,0.02310514
P16S-S33-N10,P16S-S33-N10,Trace_Metal,P16S,S33,N10,-32.0005,-149.997,66.8,18.8369,35.5146,241.2,0.07,0.48,0.06,0,Euphotic,10.3663597870377,66.3238344555161,0.02462788
P16S-S33-N11,P16S-S33-N11,Trace_Metal,P16S,S33,N11,-32.0005,-149.997,36.5,22.6575,35.441,237.8,0.07,0.48,0.06,0,Euphotic,6.92505404509991,36.2424813430613,0.02882566
P16S-S33-N12,P16S-S33-N12,Trace_Metal,P16S,S33,N12,-32.0005,-149.997,20.8,22.7762,35.4151,215.7,0.08,0.47,0.06,0,Euphotic,5.49269620111411,20.6540359060396,0.02119251
P16S-S33-N15,P16S-S33-N15,Trace_Metal,P16S,S33,N15,-32.0005,-149.997,136,16.7138,35.4139,200.8,0.16,0.7,0.41,0.03,Euphotic,10.1972183208251,135.007933839608,0.02754819
P16S-S47-N03,P16S-S47-N03,Trace_Metal,P16S,S47,N03,-38.9997,-150,471.5,7.2153,34.3912,245.6,1.45,6.29,21.11,0,Aphotic,2.37898415395973,467.397064617168,0.03163894
P16S-S47-N04,P16S-S47-N04,Trace_Metal,P16S,S47,N04,-38.9997,-150,264.6,8.2571,34.4771,245.3,1.26,4.29,18.15,0,Aphotic,2.68142670135094,262.428341619774,0.03786866
P16S-S47-N05,P16S-S47-N15,Trace_Metal,P16S,S47,N05,-38.9997,-150,120.3,10.937,34.5374,234,0.74,1.31,9.06,0.29,Euphotic,5.62788361834718,119.354294965085,0.03213808
P16S-S47-N08,P16S-S47-N14,Trace_Metal,P16S,S47,N08,-38.9997,-150,169.8,9.3636,34.5259,240.4,1.04,2.7,14.46,0.01,Euphotic,3.5560578519147,168.444986178316,0.05219453
P16S-S47-N09,P16S-S47-N09,Trace_Metal,P16S,S47,N09,-38.9997,-150,69.6,12.3768,34.4292,259.2,0.37,0.53,2.56,0.07,Euphotic,18.7045939262368,69.0613386914751,0.04203303
P16S-S47-N10,P16S-S47-N10,Trace_Metal,P16S,S47,N10,-38.9997,-150,55.1,12.7169,34.4445,272,0.32,0.33,1.85,0.05,Euphotic,21.1184752972032,54.6754809525807,0.03654450
P16S-S47-N12,P16S-S47-N12,Trace_Metal,P16S,S47,N12,-38.9997,-150,19.3,18.0555,34.3796,239.7,0.23,0.15,0.41,0,Euphotic,20.4249324078633,19.152965016451,0.01944640
P16S-S47-N14,P16S-S47-N08,Trace_Metal,P16S,S47,N14,-38.9997,-150,90.7,11.9558,34.4426,238.4,0.42,0.52,3.1,0.11,Euphotic,10.0110998301229,89.9934373822943,0.03842902
P16S-S104-N21,P16S-S104-N21,Regular_Cast,P16S,S104,N21,-67.5007,-150,427.4,1.3501,34.7304,184,2.23,103.97,32.45,0,Aphotic,2.53572911091381,422.701393248976,0.07969666
P16S-S104-N23,P16S-S104-N23,Regular_Cast,P16S,S104,N23,-67.5007,-150,326.6,1.4438,34.7282,182.3,2.23,100.04,32.5,0.01,Aphotic,1.70631608990092,323.088013284992,0.12982843
P16S-S104-N25,P16S-S104-N25,Regular_Cast,P16S,S104,N25,-67.5007,-150,225.7,1.4358,34.7075,182,2.25,94.85,32.55,0.02,Aphotic,3.97173770142448,223.327402822339,0.04462601
P16S-S104-N27,P16S-S104-N27,Regular_Cast,P16S,S104,N27,-67.5007,-150,124.9,-1.1325,34.1819,286.4,2.02,56.81,28.82,0.09,Aphotic,4.89825922369469,123.617160375599,0.04406084
P16S-S104-N28,P16S-S104-N28,Regular_Cast,P16S,S104,N28,-67.5007,-150,94.8,-1.6891,34.0629,314.4,1.93,48.55,26.88,0.27,Euphotic,6.52116842278966,93.8331532618899,0.14054209
P16S-S104-N29,P16S-S104-N29,Regular_Cast,P16S,S104,N29,-67.5007,-150,59.5,-1.4738,33.9424,324.4,1.9,46.92,25.46,0.18,Euphotic,14.5233080024256,58.8982073620204,0.07318292
P16S-S104-N30,P16S-S104-N30,Regular_Cast,P16S,S104,N30,-67.5007,-150,39.4,-0.1649,33.556,351,1.38,32.91,20.5,0.14,Euphotic,25.5464531485735,39.0034019803514,0.03549101
P16S-S104-N31,P16S-S104-N31,Regular_Cast,P16S,S104,N31,-67.5007,-150,2,-0.0973,33.5094,350.9,1.41,34.57,19.9,0.12,Euphotic,27.5937131956286,1.98004767616226,0.04623033
P16S-S70-N26,P16S-S70-N26,Regular_Cast,P16S,S70,N26,-50.4993,-149.9997,504.8,7.5652,34.4307,249.3,1.4,6.34,19.87,0,Aphotic,2.60723081654395,499.840002826705,0.02495409
P16S-S70-N28,P16S-S70-N28,Regular_Cast,P16S,S70,N28,-50.4993,-149.9997,403.9,7.9978,34.477,244.5,1.33,5.55,18.86,0,Aphotic,4.44955236302261,400.028554562529,0.02349207
P16S-S70-N30,P16S-S70-N30,Regular_Cast,P16S,S70,N30,-50.4993,-149.9997,304.1,8.7651,34.5642,255.2,1.09,3.95,15.06,0.01,Aphotic,4.64573131268177,301.25763671675,0.03546932
P16S-S70-N32,P16S-S70-N32,Regular_Cast,P16S,S70,N32,-50.4993,-149.9997,203.9,9.1431,34.6005,268.9,0.89,2.56,11.81,0.01,Aphotic,5.41912909499192,202.043076955412,0.02598424
P16S-S70-N33,P16S-S70-N33,Regular_Cast,P16S,S70,N33,-50.4993,-149.9997,153.5,9.206,34.6025,268.2,0.89,2.56,11.71,0.01,Aphotic,5.78885096165726,152.120611444537,0.05795000
P16S-S70-N34,P16S-S70-N34,Regular_Cast,P16S,S70,N34,-50.4993,-149.9997,103.8,9.4424,34.6052,265.1,0.89,2.57,11.65,0.02,Aphotic,8.29139012718118,102.879603091995,0.06990752
P16S-S70-N35,P16S-S70-N35,Regular_Cast,P16S,S70,N35,-50.4993,-149.9997,53.5,11.0607,34.5459,269.2,0.69,0.77,7.72,0.23,Euphotic,21.1348235430082,53.0320760202766,0.03081215
P16S-S70-N36,P16S-S70-N36,Regular_Cast,P16S,S70,N36,-50.4993,-149.9997,5.4,11.0527,34.5445,269.6,0.69,0.78,7.77,0.23,Euphotic,23.6977254622734,5.35339457352944,0.06177295
P16S-S76-N26,P16S-S76-N26,Regular_Cast,P16S,S76,N26,-53.4995,-149.9967,457.1,5.1078,34.2574,235.5,1.85,18.1,27,0,Aphotic,3.12471567413846,452.53903000573,0.27372923
P16S-S76-N28,P16S-S76-N28,Regular_Cast,P16S,S76,N28,-53.4995,-149.9967,357.6,5.0713,34.1689,268,1.68,11.69,24.52,0.01,Aphotic,3.7327446623449,354.116713520117,0.12795591
P16S-S76-N30,P16S-S76-N30,Regular_Cast,P16S,S76,N30,-53.4995,-149.9967,258.6,5.4219,34.1621,284.9,1.54,8.31,22.42,0.02,Aphotic,3.58749678615495,256.142227938683,0.09497888
P16S-S76-N32,P16S-S76-N32,Regular_Cast,P16S,S76,N32,-53.4995,-149.9967,154.5,6.0607,34.195,286.7,1.43,6.52,20.48,0.09,Aphotic,7.1250056668679,153.07012168836,0.09402005
P16S-S76-N33,P16S-S76-N33,Regular_Cast,P16S,S76,N33,-53.4995,-149.9967,105.1,6.212,34.1952,292.8,1.4,4.52,18.93,0.45,Euphotic,15.1092374065218,104.139763415154,0.05880844
P16S-S76-N34,P16S-S76-N34,Regular_Cast,P16S,S76,N34,-53.4995,-149.9967,87.3,6.4603,34.1793,295.7,1.37,2.53,18.43,0.28,Euphotic,21.7893821538902,86.5061204659986,0.18472648
P16S-S76-N35,P16S-S76-N35,Regular_Cast,P16S,S76,N35,-53.4995,-149.9967,55.1,7.4574,34.0133,294.2,1.25,0.74,17.84,0.17,Euphotic,19.0741050271009,54.6031970841673,0.08299328
P16S-S76-N36,P16S-S76-N36,Regular_Cast,P16S,S76,N36,-53.4995,-149.9967,7.2,7.4408,34.0135,294,1.25,0.75,17.84,0.17,Euphotic,20.9903351101307,7.13591067133785,0.10502504
P16S-S84-N19,P16S-S84-N20,Regular_Cast,P16S,S84,N19,-57.5007,-150.0013,495.4,2.2328,34.6085,170.5,2.32,76.07,33.8,0,Aphotic,2.56233417975143,490.242657703661,0.06172178
P16S-S84-N21,P16S-S84-N22,Regular_Cast,P16S,S84,N21,-57.5007,-150.0013,394.3,2.2895,34.559,171.2,2.36,72.61,34.24,0,Aphotic,4.95213448809087,390.290132851407,0.06166170
P16S-S84-N23,P16S-S84-N24,Regular_Cast,P16S,S84,N23,-57.5007,-150.0013,293.9,2.2787,34.4775,176.8,2.39,67.73,34.79,0,Aphotic,4.99736310511483,290.981600830246,0.08349312
P16S-S84-N25,P16S-S84-N26,Regular_Cast,P16S,S84,N25,-57.5007,-150.0013,187.4,1.7524,34.2915,218.4,2.32,53.7,33.83,0.01,Aphotic,5.76292396091742,185.586876853525,0.55839359
P16S-S84-N26,P16S-S84-N27,Regular_Cast,P16S,S84,N26,-57.5007,-150.0013,137.3,-0.1642,34.0131,319.6,2.1,42.56,30.06,0.16,Euphotic,12.7899877676545,135.988081429347,0.24500551
P16S-S84-N28,P16S-S84-N28,Regular_Cast,P16S,S84,N28,-57.5007,-150.0013,86.8,-0.3309,33.9216,344.8,2.03,35.29,27.99,0.18,Euphotic,16.1382356808693,85.9811269532757,0.32590661
P16S-S84-N29,P16S-S84-N29,Regular_Cast,P16S,S84,N29,-57.5007,-150.0013,71.8,0.2786,33.9103,344.2,1.98,29.65,27.01,0.21,Euphotic,19.6680631889008,71.1252216574623,0.04203022
P16S-S84-N31,P16S-S84-N31,Regular_Cast,P16S,S84,N31,-57.5007,-150.0013,4.6,3.0654,33.8603,327.5,1.69,19.19,25.33,0.28,Euphotic,23.2783710301662,4.55751144033435,0.08357852
P16S-S90-N20,P16S-S90-N20,Regular_Cast,P16S,S90,N20,-60.5003,-150.0007,493.7,1.1571,34.7279,183.3,2.26,111.36,33.08,0,Aphotic,2.20981701765293,488.44289716841,0.07223758
P16S-S90-N22,P16S-S90-N22,Regular_Cast,P16S,S90,N22,-60.5003,-150.0007,390.9,1.2217,34.7293,179.1,2.28,109.48,33.34,0,Aphotic,2.70932718507929,386.833272265377,0.08413562
P16S-S90-N24,P16S-S90-N24,Regular_Cast,P16S,S90,N24,-60.5003,-150.0007,291.1,1.282,34.728,175.6,2.3,107.18,33.66,0,Aphotic,2.88292525924478,288.140881556008,0.05088784
P16S-S90-N26,P16S-S90-N26,Regular_Cast,P16S,S90,N26,-60.5003,-150.0007,185.6,0.6703,34.6085,205.9,2.27,93.73,33.15,0.01,Aphotic,4.13203324117116,183.760149269756,0.05926143
P16S-S90-N27,P16S-S90-N27,Regular_Cast,P16S,S90,N27,-60.5003,-150.0007,135.3,-1.51,34.2919,338.3,2.03,66.05,28.68,0.24,Euphotic,6.28438331013482,133.975073371368,0.07460332
P16S-S90-N28,P16S-S90-N28,Regular_Cast,P16S,S90,N28,-60.5003,-150.0007,84.4,-1.0455,34.205,352.6,1.92,57.7,26.91,0.28,Euphotic,11.3360207556784,83.5838120049362,0.12122631
P16S-S90-N29,P16S-S90-N29,Regular_Cast,P16S,S90,N29,-60.5003,-150.0007,40,1.6127,34.1035,336.4,1.71,46.66,24.68,0.35,Euphotic,20.7615315181271,39.6174430944717,0.19580258
P16S-S90-N30,P16S-S90-N30,Regular_Cast,P16S,S90,N30,-60.5003,-150.0007,3.6,1.6092,34.1027,336.3,1.71,46.46,24.7,0.35,Euphotic,21.6454849302571,3.5658845969493,0.13217431
P16S-S96-N18,P16S-S96-N18,Regular_Cast,P16S,S96,N18,-63.499,-149.997,478.7,1.2015,34.7288,183.2,2.25,108.67,32.69,0,Aphotic,2.1093828827909,473.510992852074,0.12497022
P16S-S96-N20,P16S-S96-N20,Regular_Cast,P16S,S96,N20,-63.499,-149.997,291.9,1.3469,34.7298,178.3,2.27,104.13,32.95,0.01,Aphotic,3.26936388411125,288.865865463828,0.09245200
P16S-S96-N23,P16S-S96-N23,Regular_Cast,P16S,S96,N23,-63.499,-149.997,166.1,1.02,34.6521,189.5,2.3,93.57,33.16,0.02,Aphotic,4.62688752155094,164.423454666742,0.08485755
P16S-S96-N24,P16S-S96-N24,Regular_Cast,P16S,S96,N24,-63.499,-149.997,135.9,-0.9015,34.3594,286.6,2.07,68.53,29.84,0.23,Aphotic,4.26372833191739,134.53811088408,0.08379117
P16S-S96-N25,P16S-S96-N25,Regular_Cast,P16S,S96,N25,-63.499,-149.997,90.6,-1.6978,34.1713,333.8,1.92,54.51,26.93,0.25,Aphotic,4.45262432066451,89.7019109656776,0.09911340
P16S-S96-N26,P16S-S96-N26,Regular_Cast,P16S,S96,N26,-63.499,-149.997,65.3,-1.548,34.0837,338,1.9,48.96,26.18,0.25,Euphotic,7.74433646259936,64.656664351439,0.26565671
P16S-S96-N27,P16S-S96-N27,Regular_Cast,P16S,S96,N27,-63.499,-149.997,40,0.8649,33.9757,346.9,1.43,29.68,22.78,0.36,Euphotic,28.0160686634259,39.6083484404036,0.08162681
P16S-S96-N28,P16S-S96-N28,Regular_Cast,P16S,S96,N28,-63.499,-149.997,2.3,1.0368,33.9761,-999,1.42,29.69,22.78,0.36,Euphotic,20.819397542849,2.27768823916374,0.14270333
